t,cB,cTG,cDG,cMG,cG
0,0,0.491115698,0.030281241,0,0
2,,0.027809229,0.0316111,0.044210946,
8,,0.018393073,0.018941226,0.027772066,
