t,cB,cTG,cDG,cMG,cG
0,0,0.491115698,0.030281241,0,0
1,,0.029633396,0.032543679,0.042157566,
2,,0.027809229,0.0316111,0.044210946,
4,,0.023728592,0.026046558,0.036122526,
6,,0.021556771,0.023938601,0.034250615,
8,,0.018393073,0.018941226,0.027772066,
