t,TG,DG,MG,G,ME
0,0.61911421,0.040004937,0.000394678,,
600,0.022332447,0.025763997,0.027812443,,
