t,TG,DG,MG,G,ME
0,0.596600966,0.038550212,0.000380326,,
240,0.042514052,0.050585835,0.048085462,,
360,0.027939523,0.033832716,0.034566187,,
