t,TG,DG,MG,G,ME
0,0.61911421,0.040004937,0.000394678,,
600,0.019022658,0.021642871,0.015548829,,
